{
  "n_estimators": 100,
  "max_depth": 10,
  "training_time": 0.061986,
  "n_features": 18,
  "train_accuracy": 1.0,
  "test_accuracy": 0.96,
  "cv_mean": 0.966,
  "cv_std": 0.04409081537009721,
  "per_class_accuracy": {
    "Laughing": 100.0,
    "Yawning": 95.0,
    "Crying": 90.0,
    "Taunting": 100.0,
    "Mean Laugh": 95.0
  },
  "top_features": [
    [
      "Right Hand Height",
      0.15372722256333465
    ],
    [
      "Left Hand Height",
      0.14116674008410862
    ],
    [
      "Right Hand Offset",
      0.12145213423460355
    ],
    [
      "Body Symmetry",
      0.11572299194143738
    ],
    [
      "Right Arm Ext",
      0.0717386864280085
    ]
  ],
  "model_size_kb": 396.658203125,
  "total_samples": 500,
  "training_samples": 400,
  "test_samples": 100,
  "num_classes": 5,
  "pose_labels": {
    "0": "Laughing",
    "1": "Yawning",
    "2": "Crying",
    "3": "Taunting",
    "4": "Mean Laugh"
  },
  "timestamp": "2025-12-02T19:16:28.509245"
}